Reviewed for links,Date Reviewed,Partner Name,Partner Disount,Rate Type,Website,SLR URL,SLO URL,PL URL,Notes,Column 1,Column 2,Column 3,Column 4,Column 5,Column 6,Column 7,Column 8,Column 9,Column 10,Column 11,Column 12,Column 13,Column 14,Column 15,Column 16,Column 17,Column 18,Column 19,Column 20,Column 21
Yes,10/15/2025,Credible,,Non-HBG,https://www.credible.com/,https://www.credible.com/refinance-student-loans,,https://www.credible.com/personal-loan/earnest-personal-loans-review,,,,,,,,,,,,,,,,,,,,,,
Yes,10/15/2025,Credible,,Non-HBG,https://www.credible.com/,https://www.credible.com/refinance-student-loans/earnest-review,,https://www.credible.com/personal-loan,,,,,,,,,,,,,,,,,,,,,,
Yes,10/15/2025,Credible,,Non-HBG,https://www.credible.com/,https://www.credible.com/refinance-student-loans/earnest-vs-sofi,,,,,,,,,,,,,,,,,,,,,,,,
Yes,3/23/2026,CalBar Connect,,Non-HBG,https://www.calbarconnect.com/,https://www.calbarconnect.com/offers/earnest/,,,,,,,,,,,,,,,,,,,,,,,,
Yes,10/15/2025,White Coat Investor,-0.25%,Discount HBG,https://www.whitecoatinvestor.com/student-loan-refinancing/,https://www.whitecoatinvestor.com/student-loan-refinancing/,https://www.whitecoatinvestor.com/medical-school-student-loans/,,,,,,,,,,,,,,,,,,,,,,,
Yes,10/15/2025,White Coat Investor,-0.25%,Discount HBG,https://www.whitecoatinvestor.com/student-loan-refinancing/,https://www.whitecoatinvestor.com/earnest-student-loan-refinancing/,,,,,,,,,,,,,,,,,,,,,,,,
Yes,12/3/2025,White Coat Investor,-0.25%,Discount HBG,https://www.whitecoatinvestor.com/student-loan-refinancing/,https://studentloanadvice.com/refinancing/,,,StudentLoanAdvice.com Owned by White Coat Investor,,,,,,,,,,,,,,,,,,,,,
Yes,10/15/2025,Juno,-0.25%,Discount HBG,https://joinjuno.com/,https://joinjuno.com/financial-literacy/student-loans/earnest-vs-sofi-best-student-loan-refinancing-comparison,https://joinjuno.com/rate-match-guarantee,,,,,,,,,,,,,,,,,,,,,,,
Yes,10/15/2025,Juno,-0.25%,Discount HBG,https://joinjuno.com/,https://joinjuno.com/loans/refinance,,,,,,,,,,,,,,,,,,,,,,,,
Yes,10/15/2025,Student Loan Planner,,HBG,https://www.studentloanplanner.com/,https://www.studentloanplanner.com/refinance-student-loans/,https://www.studentloanplanner.com/private-student-loans-without-cosigner/,,Has citizens but goes to Credible,,,,,,,,,,,,,,,,,,,,,
Yes,10/15/2025,Student Loan Planner,,HBG,https://www.studentloanplanner.com/,https://www.studentloanplanner.com/earnest-student-loan-refinance-review/,https://www.studentloanplanner.com/earnest-private-student-loans-review/,,,,,,,,,,,,,,,,,,,,,,,
Yes,10/15/2025,U.S. News,,Non-HBG,https://money.usnews.com/loans,https://money.usnews.com/loans/student-loans/student-loans-consolidation-refinancing,https://money.usnews.com/loans/student-loans/best-private-student-loans,,has citizens,,,,,,,,,,,,,,,,,,,,,
Yes,2/11/2026,U.S. News,,Non-HBG,https://money.usnews.com/loans,https://money.usnews.com/loans/student-loans/reviews/earnest-student,,,,,,,,,,,,,,,,,,,,,,,,
Yes,10/15/2025,Natural Intelligence,,Non-HBG,https://www.bestmoney.com/,https://www.bestmoney.com/student-loans/compare-student-loans-refinance,https://www.bestmoney.com/private-student-loans/compare-private-student-loans?utm_source=bm&bmuid=oRNhgWzLyHCsyd9719fb,,SLR is direct; SLO is managed by College Finance,,,,,,,,,,,,,,,,,,,,,
Yes,10/15/2025,Big Law Investor [Four Minute Warning],,HBG,https://www.biglawinvestor.com/,https://www.biglawinvestor.com/marketplace/refinance-student-loans/,,,,,,,,,,,,,,,,,,,,,,,,
Yes,10/15/2025,Big Law Investor [Four Minute Warning],,HBG,https://www.biglawinvestor.com/,https://www.biglawinvestor.com/resources/lender/earnest/,,,,,,,,,,,,,,,,,,,,,,,,
Yes,10/15/2025,Splash Financial,,Non-HBG,https://www.splashfinancial.com/student-loan-refinancing?utm_source=google&utm_medium=sem_brand&utm_campaign=search_splash&gad_source=1&gad_campaignid=22639895480&gbraid=0AAAAADKUv5Ufua4ngcsPyXgBTNuEeERt7&gclid=Cj0KCQjwnovFBhDnARIsAO4V7mBAU4_-Q41DfJd_eJVb320ViEIhpiYpHUCEulB22Nz5D4XJvnOjvXkaAl3gEALw_wcB,https://www.splashfinancial.com/student-loan-refinancing,https://www.splashfinancial.com/private-student-loans,,,,,,,,,,,,,,,,,,,,,,,
Yes,10/15/2025,Engine by MoneyLion [Even Financial],,Non-HBG,https://engine.tech/,https://www.moneylion.com/refinance-student-loans,,https://www.moneylion.com/personal-loans,"Preferred name ""Engine by Money Lion"" (according to Patrick Sinclair 10/3/25)",,,,,,,,,,,,,,,,,,,,,
Yes,10/15/2025,Engine by MoneyLion [Even Financial],,Non-HBG,https://engine.tech/,https://www.moneylion.com/learn/earnest-student-loan-refinancing/,,,"Preferred name ""Engine by Money Lion"" (according to Patrick Sinclair 10/3/25)",,,,,,,,,,,,,,,,,,,,,
Yes,10/15/2025,Engine by MoneyLion [Even Financial],,Non-HBG,https://engine.tech/,,https://www.moneylion.com/learn/student-loans-without-a-co-signer/,,,,,,,,,,,,,,,,,,,,,,,
Yes,10/15/2025,GradFin,HBG,HBG,https://gradfin.com/,https://www.laurelroad.com/in-school-loans/,,,Owned by KeyBank (affiliated with Laurel Road),,,,,,,,,,,,,,,,,,,,,
Yes,10/15/2025,DWOQ [Student Loan Professor],-0.25%,Discount HBG,https://www.studentloanprofessor.com/,,https://www.studentloanprofessor.com/student-loan-companies/,,,,,,,,,,,,,,,,,,,,,,,
Yes,10/15/2025,DWOQ [Student Loan Professor],-0.25%,Discount HBG,https://www.studentloanprofessor.com/,,https://www.studentloanprofessor.com/student-loan-companies/,,,,,,,,,,,,,,,,,,,,,,,
Yes,10/15/2025,DWOQ [Student Loan Professor],-0.25%,Discount HBG,https://www.studentloanprofessor.com/,,https://www.studentloanprofessor.com/federal-vs-private-student-loan-providers/,,,,,,,,,,,,,,,,,,,,,,,
Yes,10/15/2025,DWOQ [Student Loan Professor],-0.25%,Discount HBG,https://www.studentloanprofessor.com/,,https://www.studentloanprofessor.com/best-student-loan-rates/,,,,,,,,,,,,,,,,,,,,,,,
Yes,10/15/2025,DWOQ [Student Loan Professor],-0.25%,Discount HBG,https://www.studentloanprofessor.com/,https://www.studentloanprofessor.com/discover-student-loan-refinance/,https://www.studentloanprofessor.com/federal-vs-private-student-loan-providers/,,,,,,,,,,,,,,,,,,,,,,,
Yes,12/10/2025,DWOQ [Student Loan Professor],-0.25%,Discount HBG,https://www.studentloanprofessor.com/,,https://www.studentloanprofessor.com/international-student-loan/,,,,,,,,,,,,,,,,,,,,,,,
Yes,10/15/2025,DWOQ [Student Loan Professor],-0.25%,Discount HBG,https://www.studentloanprofessor.com/,,https://www.studentloanprofessor.com/student-loan-without-cosigner/,,,,,,,,,,,,,,,,,,,,,,,
Yes,10/15/2025,DWOQ [Student Loan Professor],-0.25%,Discount HBG,https://www.studentloanprofessor.com/,,https://www.studentloanprofessor.com/international-student-loan/,,,,,,,,,,,,,,,,,,,,,,,
Yes,10/15/2025,Saving For College,,HBG,https://www.savingforcollege.com/,https://www.savingforcollege.com/private-student-loans/review/earnest/student-loan-refinancing,https://www.savingforcollege.com/private-student-loans/review/earnest/undergraduate-private-student-loans,,,,,,,,,,,,,,,,,,,,,,,
Yes,10/15/2025,College Finance,,Non-HBG,https://collegefinance.com/,https://collegefinance.com/student-loan-reviews/earnest-private-student-loans-pros-cons-and-reviews,https://collegefinance.com/loan-options?opeid=00182500,,,,,,,,,,,,,,,,,,,,,,,
Yes,10/15/2025,College Finance,,Non-HBG,https://collegefinance.com/,https://collegefinance.com/student-loan-reviews/earnest-private-student-loan-review,https://collegefinance.com/student-loan-reviews/earnest-private-student-loan-review,,,,,,,,,,,,,,,,,,,,,,,
Yes,3/5/2026,College Finance,,Non-HBG,https://collegefinance.com/,https://refinance.collegefinance.com/,,,,,,,,,,,,,,,,,,,,,,,,
Yes,3/5/2026,College Finance,,Non-HBG,https://collegefinance.com/,https://collegefinance.com/refinance-student-loans-now,,,,,,,,,,,,,,,,,,,,,,,,
Yes,10/15/2025,Money Group [Consumers Advocate],,Non-HBG,https://money.com/,https://money.com/earnest-student-loan-refinance-review/,https://money.com/earnest-student-loans-review/,,SLR is direct; SLO is managed by College Finance,,,,,,,,,,,,,,,,,,,,,
Yes,10/15/2025,Money Group [Consumers Advocate],,Non-HBG,https://money.com/,,https://money.com/student-loans/,,SLR is direct; SLO is managed by College Finance,,,,,,,,,,,,,,,,,,,,,
Yes,10/15/2025,Money Group [Consumers Advocate],,Non-HBG,https://money.com/,,https://www.consumersadvocate.org/student-loans/c/earnest-student-loan-review,,,,,,,,,,,,,,,,,,,,,,,
Yes,10/15/2025,Gradifi,,Non-HBG,https://www.gradifi.com/,,,,,,,,,,,,,,,,,,,,,,,,,
Yes,10/15/2025,PerkSpot,,Non-HBG,https://www.perkspot.com/,,,,,,,,,,,,,,,,,,,,,,,,,
Yes,10/15/2025,Sparrow,,Non-HBG,https://www.sparrowfi.com/,https://www.sparrowfi.com/student-loan-refi,https://www.sparrowfi.com/undergrad-student-loan,,,,,,,,,,,,,,,,,,,,,,,
Yes,10/15/2025,Sparrow,,Non-HBG,https://www.sparrowfi.com/,https://www.sparrowfi.com/blog/earnest-review-student-loan-refinance,https://www.sparrowfi.com/blog/earnest-private-student-loans-review,,,,,,,,,,,,,,,,,,,,,,,
Yes,10/15/2025,DEB Financial,,Non-HBG,https://www.debfinancial.com/,,,,,,,,,,,,,,,,,,,,,,,,,
Yes,10/15/2025,ODs On Finance,,HBG,https://odsonfinance.com/,https://odsonfinance.com/student-loan-refinancing-lenders/,,,,,,,,,,,,,,,,,,,,,,,,
Yes,10/15/2025,ODs On Finance,,HBG,https://odsonfinance.com/,https://odsonfinance.com/earnest-legal-disclaimer/,https://odsonfinance.com/earnest-legal-disclaimer/,,,,,,,,,,,,,,,,,,,,,,,
Yes,3/2/2026,SpoTower,,Non-HBG,https://spotower.com/,https://10beststudentloans.com/refi/top/,"https://10beststudentloans.com/private/best/


",,,,,,,,,,,,,,,,,,,,,,,
,,SpoTower,,Non-HBG,https://spotower.com/,,https://studentloanfundings.com/,,,,,,,,,,,,,,,,,,,,,,,
Yes,10/15/2025,Student Loan Sherpa,,Non-HBG,https://studentloansherpa.com/,https://studentloansherpa.com/earnest-consolidation-refinance-review/,https://studentloansherpa.com/deciding-sofi-drb-lendkey-earnest-citizens-commonbond/,,,,,,,,,,,,,,,,,,,,,,,
Yes,10/15/2025,Student Loan Sherpa,,Non-HBG,https://studentloansherpa.com/,https://studentloansherpa.com/navirefi-review-student-loan-refinancing-with-navient/,,,,,,,,,,,,,,,,,,,,,,,,
Yes,10/15/2025,Student Loan Sherpa,,Non-HBG,https://studentloansherpa.com/,https://studentloansherpa.com/earnest-vs-citizens-bank-student-loan-refinance-comparison/,,,,,,,,,,,,,,,,,,,,,,,,
Yes,10/15/2025,Student Loan Sherpa,,Non-HBG,https://studentloansherpa.com/,https://studentloansherpa.com/earnest-vs-splash-financial-student-loan-refinance-showdown/,,,,,,,,,,,,,,,,,,,,,,,,
Yes,10/15/2025,Student Loan Sherpa,,Non-HBG,https://studentloansherpa.com/,https://studentloansherpa.com/laurel-road-vs-earnest/,,,,,,,,,,,,,,,,,,,,,,,,
Yes,10/15/2025,Student Loan Sherpa,,Non-HBG,https://studentloansherpa.com/,https://studentloansherpa.com/category/refinance/,,,,,,,,,,,,,,,,,,,,,,,,
Yes,10/15/2025,Student Loan Sherpa,,Non-HBG,https://studentloansherpa.com/,https://studentloansherpa.com/sofi-vs-earnest-student-loan-comparison/,,,,,,,,,,,,,,,,,,,,,,,,
,,Leads IQ,,,,,,,,,,,,,,,,,,,,,,,,,,,,
Yes,10/15/2025,Lendedu,,Non-HBG,https://lendedu.com,https://lendedu.com/blog/earnest-review,https://lendedu.com/blog/earnest-review,,SLR is direct; SLO is managed by College Finance,,,,,,,,,,,,,,,,,,,,,
Yes,10/15/2025,Lendedu,,Non-HBG,https://lendedu.com,,https://lendedu.com/blog/earnest-vs-sallie-mae/,,SLR is direct; SLO is managed by College Finance,,,,,,,,,,,,,,,,,,,,,
Yes,10/15/2025,Consumer Voice,,Non-HBG,https://www.consumervoice.org/,https://www.consumervoice.org/earnest-slr-review,https://www.consumervoice.org/top-student-loans?anura=0,,,,,,,,,,,,,,,,,,,,,,,
Yes,10/15/2025,NerdWallet,,Non-HBG,https://www.nerdwallet.com/,https://www.nerdwallet.com/reviews/loans/student-loans/earnest-student-loans,https://www.nerdwallet.com/reviews/loans/student-loans/earnest-student-loans,,,,,,,,,,,,,,,,,,,,,,,
Yes,10/15/2025,NerdWallet,,Non-HBG,https://www.nerdwallet.com/,https://www.nerdwallet.com/article/loans/student-loans/student-loan-interest-rates,https://www.nerdwallet.com/best/loans/student-loans/private-student-loans,,,,,,,,,,,,,,,,,,,,,,,
Yes,10/15/2025,NerdWallet,,Non-HBG,https://www.nerdwallet.com/,https://www.nerdwallet.com/refinancing-student-loans,,,,,,,,,,,,,,,,,,,,,,,,
Yes,10/15/2025,NerdWallet,,Non-HBG,https://www.nerdwallet.com/,https://www.nerdwallet.com/article/loans/student-loans/earnest-vs-sofi-refinancing,,,,,,,,,,,,,,,,,,,,,,,,
Yes,10/15/2025,Edvisors,,Non-HBG,https://www.edvisors.com/,https://www.edvisors.com/refinance-student-loans/earnest-refi/,https://www.edvisors.com/student-loans/lender-reviews/earnest/,,,,,,,,,,,,,,,,,,,,,,,
Yes,10/15/2025,Edvisors,,Non-HBG,https://www.edvisors.com/,https://www.edvisors.com/refi-disclaimers/earnest-refinance-disclaimers/,https://www.edvisors.com/compare-lenders/earnest/,,,,,,,,,,,,,,,,,,,,,,,
Yes,10/15/2025,Edvisors,,Non-HBG,https://www.edvisors.com/,,https://www.edvisors.com/apply/lender/earnest/,,,,,,,,,,,,,,,,,,,,,,,
Yes,10/15/2025,Money Crashers,,Non-HBG,https://www.moneycrashers.com/,https://www.moneycrashers.com/best-online-loan-companies/,https://www.moneycrashers.com/best-private-student-loan-companies/,,,,,,,,,,,,,,,,,,,,,,,
Yes,10/15/2025,Money Crashers,,Non-HBG,https://www.moneycrashers.com/,https://www.moneycrashers.com/best-student-loan-refinance-companies/,https://www.moneycrashers.com/best-private-student-loan-companies/,,,,,,,,,,,,,,,,,,,,,,,
Yes,10/15/2025,Money Crashers,,Non-HBG,https://www.moneycrashers.com/,https://www.moneycrashers.com/compare-refinance-rates-student-loans/,,,,,,,,,,,,,,,,,,,,,,,,
Yes,10/15/2025,American Orthodontic Society,,Non-HBG,https://orthodontics.com/,,,,,,,,,,,,,,,,,,,,,,,,,
Yes,10/15/2025,GMAT Club,,Non-HBG,https://gmatclub.com/,,,,,,,,,,,,,,,,,,,,,,,,,
Yes,10/15/2025,Nomad Credit,,Non-HBG,https://www.nomadcredit.com/,,https://www.nomadcredit.com/blog/top-us-education-loans-with-co-signer#Earnest-Student-Loan,,,,,,,,,,,,,,,,,,,,,,,
Yes,10/15/2025,Nomad Credit,,Non-HBG,https://www.nomadcredit.com/,,https://www.nomadcredit.com/,,,,,,,,,,,,,,,,,,,,,,,
Yes,10/15/2025,Nomad Credit,,Non-HBG,https://www.nomadcredit.com/,,https://www.nomadcredit.com/us-cosigner-student-loans,,,,,,,,,,,,,,,,,,,,,,,
Yes,10/15/2025,TuitionChart,,Non-HBG,https://tuitionchart.com/student-loan-compare/apply.html?trackingId=J12-1A-758805020865-c&Cj0KCQjwnovFBhDnARIsAO4V7mBPMQy57fpY5tpwnJccxh4W382nzsnUcf1ZZJ1jLiEtkCgIpTNGycYaAu8xEALw_wcB&gad_source=1&gad_campaignid=22741762759&gbraid=0AAAAAD7h3v8oFIAMilgbIzyPweJR1lrHb&gclid=Cj0KCQjwnovFBhDnARIsAO4V7mBPMQy57fpY5tpwnJccxh4W382nzsnUcf1ZZJ1jLiEtkCgIpTNGycYaAu8xEALw_wcB,,https://www.tuitionchart.com/student-loan-compare/index.html#earnest,,terminated on refi side but active in SLO,,,,,,,,,,,,,,,,,,,,,
Yes,10/15/2025,TuitionChart,,Non-HBG,https://tuitionchart.com/student-loan-compare/apply.html?trackingId=J12-1A-758805020865-c&Cj0KCQjwnovFBhDnARIsAO4V7mBPMQy57fpY5tpwnJccxh4W382nzsnUcf1ZZJ1jLiEtkCgIpTNGycYaAu8xEALw_wcB&gad_source=1&gad_campaignid=22741762759&gbraid=0AAAAAD7h3v8oFIAMilgbIzyPweJR1lrHb&gclid=Cj0KCQjwnovFBhDnARIsAO4V7mBPMQy57fpY5tpwnJccxh4W382nzsnUcf1ZZJ1jLiEtkCgIpTNGycYaAu8xEALw_wcB,,https://www.tuitionchart.com/student-loan-compare/apply.html?,,terminated on refi side but active in SLO,,,,,,,,,,,,,,,,,,,,,
Yes,10/15/2025,TuitionChart,,Non-HBG,https://tuitionchart.com/student-loan-compare/apply.html?trackingId=J12-1A-758805020865-c&Cj0KCQjwnovFBhDnARIsAO4V7mBPMQy57fpY5tpwnJccxh4W382nzsnUcf1ZZJ1jLiEtkCgIpTNGycYaAu8xEALw_wcB&gad_source=1&gad_campaignid=22741762759&gbraid=0AAAAAD7h3v8oFIAMilgbIzyPweJR1lrHb&gclid=Cj0KCQjwnovFBhDnARIsAO4V7mBPMQy57fpY5tpwnJccxh4W382nzsnUcf1ZZJ1jLiEtkCgIpTNGycYaAu8xEALw_wcB,,https://www.tuitionchart.com/student-loan-compare/index.html,,,,,,,,,,,,,,,,,,,,,,,
Yes,10/15/2025,DotDash,,Non-HBG,https://www.investopedia.com/earnest-student-loans-review-4799946,https://www.investopedia.com/the-best-student-loans-11785239,https://www.investopedia.com/the-best-student-loans-11785239,,,,,,,,,,,,,,,,,,,,,,,
Yes,10/15/2025,The College Investor,,Non-HBG,http://thecollegeinvestor.com/?srsltid=AfmBOoruAOtMQGIWawCxBPsRcUFvHFYmeuG5UtDyb2qSWdIUCs0Cw1l8,https://thecollegeinvestor.com/17624/earnest-student-loan-review/,https://thecollegeinvestor.com/17624/earnest-student-loan-review/,,,,,,,,,,,,,,,,,,,,,,,
Yes,10/15/2025,Forbes Advisors,,Non-HBG,https://www.forbes.com/advisor/student-loans/,https://www.forbes.com/advisor/student-loans/best-student-loan-refinance-lenders/,https://www.forbes.com/advisor/student-loans/earnest-student-loan-review/,,,,,,,,,,,,,,,,,,,,,,,
Yes,10/15/2025,GEMS / My Global Ed,,Non-HBG,https://myglobaled.com/,,https://myglobaled.com/international-student/,,,,,,,,,,,,,,,,,,,,,,,